{
    "version": 1,
    "author": "Anonymous maker",
    "editor": "wokwi",
    "parts": [
      { "type": "board-esp32-devkit-c-v4", "id": "esp", "top": 0, "left": -110.36, "attrs": {} },
      {
        "type": "wokwi-pushbutton",
        "id": "btn1",
        "top": 83,
        "left": 134.4,
        "attrs": { "color": "green", "xray": "1" }
      },
      { "type": "wokwi-led", "id": "led1", "top": 150, "left": 109.4, "attrs": { "color": "red" } },
      { "type": "wokwi-relay-module", "id": "relay1", "top": -86.2, "left": 134.4, "attrs": {} }
    ],
    "connections": [
      [ "esp:TX", "$serialMonitor:RX", "", [] ],
      [ "esp:RX", "$serialMonitor:TX", "", [] ],
      [ "relay1:VCC", "esp:3V3", "red", [ "h0" ] ],
      [ "relay1:GND", "esp:GND.2", "black", [ "h0" ] ],
      [ "relay1:IN", "esp:23", "green", [ "h-115.2", "v86.2" ] ],
      [ "btn1:1.l", "esp:19", "green", [ "h0" ] ],
      [ "btn1:2.l", "esp:GND.2", "green", [ "h-86.4", "v-76.6" ] ],
      [ "led1:A", "esp:18", "green", [ "v0" ] ],
      [ "led1:C", "esp:GND.2", "green", [ "v0" ] ]
    ],
    "dependencies": {}
  }