{
    "version": 1,
    "author": "Rizqi daffa Firdaus",
    "editor": "wokwi",
    "parts": [
      { "type": "board-esp32-devkit-c-v4", "id": "esp", "top": 0, "left": -71.96, "attrs": {} },
      { "type": "wokwi-hc-sr04", "id": "ultrasonic1", "top": -75.3, "left": 53.5, "attrs": {} }
    ],
    "connections": [
      [ "esp:TX", "$serialMonitor:RX", "", [] ],
      [ "esp:RX", "$serialMonitor:TX", "", [] ],
      [ "esp:GND.3", "ultrasonic1:GND", "black", [ "h0" ] ],
      [ "esp:18", "ultrasonic1:ECHO", "green", [ "h86.4", "v0", "h29.6" ] ],
      [ "esp:5", "ultrasonic1:TRIG", "green", [ "h0" ] ],
      [ "esp:5V", "ultrasonic1:VCC", "red", [ "h0" ] ]
    ],
    "dependencies": {}
  }